id,text,keyword,location,y_true,baseline_y_pred,probe_y_pred,baseline_score,probe_score,transition,baseline_correct,probe_correct,outcome
105,BigRigRadio Live Accident Awareness,accident,Australia,1,0,1,0.4670470148930629,0.5019578931138888,0->1,False,True,fixed_error
110,'By accident' they knew what was gon happen https://t.co/Ysxun5vCeh,accident,Norf Carolina,0,0,1,0.48667112704891874,0.5007512714565658,0->1,True,False,new_error
174,Aftershock: Protect Yourself and Profit in the Next Global Financial Meltdown by David Wiedemer http http://t.co/WZTz4hgMVq,aftershock,Baker City Oregon,0,1,0,0.5063461183660052,0.4622557038504577,1->0,False,True,fixed_error
512,Vote for #Directioners vs #Queens in the 5th round of the @Billboard #FanArmyFaceOff http://t.co/Kgtxnnbj7y,army,,0,1,0,0.512056342729524,0.43420223869313296,1->0,False,True,fixed_error
890,Bioterrorism public health superbug biolabs epidemics biosurveillance outbreaks | Homeland Security News Wire http://t.co/cvhYGwcBZv,bioterrorism,,1,0,1,0.4902180646328049,0.5027269641833517,0->1,False,True,fixed_error
971,The mixtape is coming i promise. We goin in right now http://t.co/uUNGRqoUgn,blaze,Mo.City,0,1,0,0.5166697174848288,0.4516916009355587,1->0,False,True,fixed_error
1741,@1acd4900c1424d1 @FoxNews no one is rioting burning down buildings or looting.,buildings%20burning,GO BLUE! HAIL YES!!,1,0,1,0.4865289206344229,0.5635366840085388,0->1,False,True,fixed_error
2103,Small casualty on the way to Colorado http://t.co/hDVmhSQXHm,casualty,"Kansas City, MO",1,1,0,0.5758447829105711,0.4895305678282551,1->0,True,False,new_error
2116,#iphone #twist Ultimate #preparedness library: http://t.co/ksgmY0D0Mx Prepare Yourself For Any Catastrophe. Ov http://t.co/MZK0PFogI7,catastrophe,,0,1,0,0.5659896463239709,0.48241301917822976,1->0,False,True,fixed_error
2193,Learning from the Legacy of a Catastrophic Eruption - The New Yorker http://t.co/t344PhNpy9,catastrophic,Planet Earth,1,1,0,0.5414833497865712,0.45369673047036746,1->0,True,False,new_error
2198,Learning from the Legacy of a Catastrophic Eruption - The New Yorker http://t.co/vMWTOUyOHm,catastrophic,Planet Earth,1,1,0,0.5414833497865712,0.45369673047036746,1->0,True,False,new_error
2364,Roof collapsed a bowling alley many in the community remember going to for more than 30 years @KEZI9 http://t.co/sAhbhLXsSh,collapsed,"Eugene, Oregon",1,1,0,0.5204909437169255,0.44633611658656647,1->0,True,False,new_error
2446,Devia ler 'AS WE COLLIDE #wattys2015' no #Wattpad #teenfiction http://t.co/g891m9GH4r http://t.co/Xq92X4bVG3,collide,,0,1,0,0.6314778275767777,0.4546225690915856,1->0,False,True,fixed_error
2846,"Blending the old with the new in #Vanuatu to prepare for future emergencies: 
http://t.co/aFMKcFn1TL http://t.co/8QqzYZIAqf",cyclone,Geneva,0,1,0,0.5880131343410018,0.4341332700605288,1->0,False,True,fixed_error
3026,@Allahsfinest12 ...death to muslims,death,"Sylacauga, Alabama",1,0,1,0.4817204142044541,0.5001384012390884,0->1,False,True,fixed_error
3347,A demolished Palestinian village comes back to life http://t.co/9Lpf4V4hMq,demolished,,1,1,0,0.5444477054155052,0.4655657674367007,1->0,True,False,new_error
3463,@jozerphine LITERALLY JUST LOOK THAT UP! YEAH DERAILED AT SMITHSONIAN SO EVERYTHIGN IS SHUT DOWN FROM FEDERAL CENTER SW TO MCPHERSON,derailed,,1,0,1,0.4729885546301397,0.5199525864063914,0->1,False,True,fixed_error
3464,Of what use exactly is the national Assembly? Honestly they are worthless. We are derailed.,derailed,"Kwara, Nigeria",0,0,1,0.4697788912799997,0.5479886318667148,0->1,True,False,new_error
3589,@booksbyRoger TY for the follow Go To http://t.co/l9MB2j5pXg BRUTALLY ABUSED+DESOLATE&amp;LOST + HER LOVELY MUM DIES..Is it Murder?,desolate,Macclesfield,0,1,0,0.5017077428000026,0.488269395270141,1->0,False,True,fixed_error
3819,@BldrCOSheriff says 2nd grenade found is 'younger' that WWII era grenade found earlier. They'll detonate it at 8:00 tonight. @CBSDenver,detonate,Colorado,1,0,1,0.4504448241882307,0.5026349235117741,0->1,False,True,fixed_error
4529,The eyes of the nation &amp; broader conservation community are on #Alaska @AKGovBillWalker reinstate emergency buffer #ProtectDenaliWolves,emergency,,0,1,0,0.5153393133629707,0.48022784023753323,1->0,False,True,fixed_error
4550,See Aug 4 2015 PoconoRecord @EmergencyMgtMag - How Many Households Have an #Emergency Plan? | http://t.co/7zlsUmIess http://t.co/TdccH01N7q,emergency%20plan,"Alexandria, VA, USA",1,1,0,0.5615938777307514,0.4224580635604524,1->0,True,False,new_error
4607,Emergency Services Committee and Personnel Committee Meeting on Thursday Night http://t.co/DrBcRyPj4p,emergency%20services,,0,1,0,0.548473966981153,0.48052000019654845,1->0,False,True,fixed_error
4628,#Healthcare #Job in #Kodiak AK: Emergency Services Supervisor - Emergency... at Providence Health &amp; Services http://t.co/8KJ1wDAiGj #Jobs,emergency%20services,Alaska,0,1,0,0.5202693345035683,0.48577276831934,1->0,False,True,fixed_error
4644,Our doctors and nurses in the new Pediatric Emergency Department are all specialized in child services! http://t.co/k1TMLWvjmJ,emergency%20services,"Park Ridge, Illinois",0,1,0,0.5622037783758117,0.4265477654843083,1->0,False,True,fixed_error
4667,Tube strike live: Latest travel updates as London is engulfed inåÊchaos http://t.co/xkonKZ0Zl6 http://t.co/dXVtgi1BvO,engulfed,UK,1,1,0,0.5717968767871844,0.47892998691733374,1->0,True,False,new_error
4732,The EFAK would be designed for building occupants once they evacuate and report to their evacuation assembly sites,evacuate,"Chevy Chase, MD",1,0,1,0.4822085365347792,0.5208168912119624,0->1,False,True,fixed_error
4889,Philadelphia EaglesÛª Jordan Matthews Is Going To Explode In 2015 http://t.co/rRq1ildkiL #news #hotnewscake,explode,United States,0,1,0,0.5244978354435214,0.4289516115119018,1->0,False,True,fixed_error
5282,@CowgirlLawyer We must refuse to become a nation with everyone living in fear of being shot unawares by intoxicated &amp;/or crazy people.,fear,Midwestern USA,1,1,0,0.5008256985024065,0.4710882127620205,1->0,True,False,new_error
5352,In the words of Charlie Daniels 'Fire on the mountain run boys run.'Û_ https://t.co/fz1HAEj255,fire,The Desert,1,1,0,0.533242169812337,0.4633018828945209,1->0,True,False,new_error
5518,IDEAS IN FOOD: Flattened http://t.co/QfrAWLn4BA,flattened,"Bow, NH",0,1,0,0.5984478101922379,0.44486472638395175,1->0,False,True,fixed_error
5625,#Laos flooding -10 villages underwater World Vision responding http://t.co/8fvQRizOUX,flooding,Jakarta/Kuala Lumpur/S'pore,1,0,1,0.4781504298929503,0.5667255846780123,0->1,False,True,fixed_error
5719,@Sweet2Young -runs at her for setting my forest on fire and bites the shit out of her neck-,forest%20fire,,1,0,1,0.4850099654004476,0.5007511131356264,0->1,False,True,fixed_error
5736,Only you can prevent forest fires. ???? http://t.co/rGYUaKc0dR,forest%20fires,,1,1,0,0.5131388547273591,0.48337246143945645,1->0,True,False,new_error
5828,Hail The New Caesars! http://t.co/GzMoBlsJxu http://t.co/5CGtqfk2uR,hail,"Las Vegas, Nevada",0,1,0,0.5794638757469507,0.35277579244179263,1->0,False,True,fixed_error
6141,0-day bug in fully patched OS X comes under active exploit to hijack Macs http://t.co/sbGiRvQvzb,hijack,"Kansas City, MO",0,1,0,0.5090894211237764,0.47940243660200194,1->0,False,True,fixed_error
6200,Remove the http://t.co/l4wJHz4AJ6 and Linkury Browser Hijacker http://t.co/KMgDv7VSAz http://t.co/byTsfms7Md,hijacker,Halifax,0,1,0,0.6118569869107265,0.4801213957240945,1->0,False,True,fixed_error
6206,Remove the http://t.co/2nS5TfnxpA and Linkury Browser Hijacker http://t.co/W2kVScbTLp http://t.co/tn8o00NrLP,hijacker,,0,1,0,0.6118569869107265,0.4801213957240945,1->0,False,True,fixed_error
6227,Demco 8550013 Hijacker 5th Wheel Hitch 21K Ultra Series Double Pivot http://t.co/hRdwGfbFYq http://t.co/nUOhKmPZFj,hijacker,,0,1,0,0.5163946237233049,0.4541494298454839,1->0,False,True,fixed_error
6347,Render assistance gain as proxy for your hostages to fortune: sSu http://t.co/KS7Ln8HQ8s,hostages,,0,0,1,0.46813189619299206,0.541395237965625,0->1,True,False,new_error
6420,@pattonoswalt @FoxNews Wait I thought Fecal Hurricane was on SciFi? Maybe that was turdnado. I've been forgeting up a shit storm lately.,hurricane,,1,0,1,0.49479114182122896,0.5913424533888963,0->1,False,True,fixed_error
6759,Phones Offers &gt;&gt; http://t.co/bYtbZ8s5ux #034 8-Pin Lightning Connector 2.1A Car Charger For Apple 5 5S 5C 6 6+ iPÛ_ http://t.co/o3wVScLiCX,lightning,USA,0,0,1,0.470077189707692,0.5036466334255141,0->1,True,False,new_error
7196,"'Up to 40% of businesses affected by a natural or man-made disaster never reopen'
http://t.co/35JyAp0ul9",natural%20disaster,"Orlando/Cocoa Beach, FL",0,1,0,0.5620931620569225,0.4681868807636166,1->0,False,True,fixed_error
7205,Coming later this year~ 'THE MAN THAT TATTOOED WOMEN.' A novel based on a real serial killer from #Arkansas &amp; a natural disaster. #NOLA,natural%20disaster,USA,1,1,0,0.5198722385522704,0.4911297658883648,1->0,True,False,new_error
7229,We have overrun a Natural Disaster Survival server!,natural%20disaster,"Suburban Detroit, Michigan",1,0,1,0.4856233998228822,0.5366372285934086,0->1,False,True,fixed_error
7526,Plains All American Pipeline company may have spilled 40 percent more crude oil than previously estimated.... http://t.co/WEZjqC4Cf2,oil%20spill,"San Luis Obispo, CA",1,1,0,0.5349564416988027,0.49388180168429713,1->0,True,False,new_error
7753,Police unions retard justice &amp; drain gov $ but cops vote 4 Rs so Rs go after teachers unions instead! @DCCC @VJ44 @Lawrence @JBouie @mmfa,police,,0,0,1,0.46841763163101824,0.5035940911957324,0->1,True,False,new_error
7775,New technology designed to help prevent dangerous police chases: In an effort to reduce injuries Milwaukee policeÛ_ http://t.co/cedjdlPDAN,police,"Milwaukee, WI",0,1,0,0.5333128247150127,0.48181738776140803,1->0,False,True,fixed_error
7916,#DnB #NewRelease EDGE Jimmy - Summer Rainstorm (Lapaka Sounds) http://t.co/4L8h2FKlNO via http://t.co/ZITQKDFXJY,rainstorm,,0,1,0,0.5954571356633654,0.4889438940795032,1->0,False,True,fixed_error
8060,Policyholders object to Clico rescue plan http://t.co/E4DvI9vUXZ http://t.co/JyCpf8iYhg,rescue,Trinidad & Tobago,1,1,0,0.5647289198233721,0.43905961493983536,1->0,True,False,new_error
8138,Angry Mistrustful Rescued Elephant Finds Peace and Friendship in Her New Home (PHOTOS) http://t.co/VaUnPS6WJa via @OneGreenPlanet,rescued,Canada,0,1,0,0.5319670061312487,0.4928633427304959,1->0,False,True,fixed_error
8154,I have an unexplainable desire to watch The Rescuers. #childhooddefined,rescuers,,0,0,1,0.4900587869816755,0.5591550269641073,0->1,True,False,new_error
8688,A random hole just broke out in the street ?? http://t.co/dWU8QqYs0v,sinkhole,,0,1,0,0.5070019989638421,0.49379869281115046,1->0,False,True,fixed_error
8795,"Thu Aug 06 2015 01:20:32 GMT+0000 (UTC)
#millcityio #20150613
theramin sirens",sirens,... -.- -.--,1,0,1,0.4968999562282334,0.5706638638153919,0->1,False,True,fixed_error
9041,ÛÏStretcher in 5 min // Speaker DeckÛ http://t.co/7qPG80uD7v,stretcher,3???2???????,0,0,1,0.45678283428626704,0.9230457270569552,0->1,True,False,new_error
9082,Slums are a manifestation state failure to provide housing to citizens. Illegality discourse confounds structural problems. #stopevictions,structural%20failure,,1,1,0,0.5048100465004907,0.490708203881241,1->0,True,False,new_error
9259,Hasn't quite sunk in that I saw Johnny Marr and Primal Scream all in the space of a few hours on Sunday,sunk,Derby,0,1,0,0.5043381473889971,0.48514915878863357,1->0,False,True,fixed_error
9471,OMEGA MEN Writer Explores Terrorism Religion In an 'Epic KYLE RAYNER Story' http://t.co/Hr88CWxPGz #Newsarama,terrorism,"Tampa, FL",0,0,1,0.4856709835140479,0.619498188742175,0->1,True,False,new_error
9551,The few I warned about .. Were just as I expected.. They are a threat to his soul,threat,"Ohio, USA",0,0,1,0.4967742365844112,0.546102110391972,0->1,True,False,new_error
9690,@Rebelmage2 I'm glad you got away XD But My 'be safe' was in reference to a tornado near calgary and drum heller at around 4 :O,tornado,,1,0,1,0.44794821019442776,0.5063441358944274,0->1,False,True,fixed_error
9771,Hollywood movie about trapped miners released in #Chile http://t.co/r18aUtnLSd #ZippedNews http://t.co/CNqaE9foj6,trapped,,0,1,0,0.5171927159339386,0.42998010509102275,1->0,False,True,fixed_error
9890,A traumatised dog that was found buried up to its head in dirt in France is now in safe hands. This is such a... http://t.co/AGQo1479xM,traumatised,"Tring, UK",0,1,0,0.561985529164622,0.47882966175145836,1->0,False,True,fixed_error
10130,Ancient Mayan Tablet Found in Jungle Temple http://t.co/qp6q8RS8ON,upheaval,"Wisconsin, USA",1,1,0,0.5263920812154439,0.44313071581738234,1->0,True,False,new_error
10203,If you were the NWS wth a rotating storm w/ a report of a 'HUGE' / 'MASSIVE' / 'VIOLENT' tornado what would you do? https://t.co/J3dI85IST5,violent%20storm,,1,0,1,0.4858328220652796,0.5520272481020545,0->1,False,True,fixed_error
10536,Windstorm lastingness perquisite - acquiesce in a twister retreat: ZiUW http://t.co/iRt4kkgsJx,windstorm,,1,1,0,0.517413485326659,0.43322982881405536,1->0,True,False,new_error
10640,Nout like rubbin salt in the wounds dad.. ?????? http://t.co/M8UfjDtlsm,wounds,"Newcastle, England ",0,1,0,0.5312923407705978,0.44301179633557847,1->0,False,True,fixed_error
