id,text,keyword,location,y_true,y_pred,score,model_name,ticket
7,Just got sent this photo from Ruby #Alaska as smoke from #wildfires pours into a school ,,,1,0,0.4121382105432001,logreg_seed_9999,ticket_1_baseline
18,#raining #flooding #Florida #TampaBay #Tampa 18 or 19 days. I've lost count ,,,1,0,0.31162799970129446,logreg_seed_9999,ticket_1_baseline
105,BigRigRadio Live Accident Awareness,accident,Australia,1,0,0.46704701489305955,logreg_seed_9999,ticket_1_baseline
118,I was in a horrible car accident this past Sunday. I'm finally able to get around. Thank you GOD??,accident,Your Sister's Bedroom,1,0,0.3658708713894279,logreg_seed_9999,ticket_1_baseline
346,@rvfriedmann Hell is just a fraction of his belief of total annihilation destruction of USA @LodiSilverado @ritzy_jewels,annihilation,"California, USA",1,0,0.3132865670761062,logreg_seed_9999,ticket_1_baseline
356,U.S National Park Services Tonto National Forest: Stop the Annihilation of the Salt River Wild Horse... https://t.co/sW1sBua3mN via @Change,annihilation,CA physically- Boston Strong?,1,0,0.36605018156578745,logreg_seed_9999,ticket_1_baseline
390,World Annihilation vs Self Transformation http://t.co/pyehwodWun Aliens Attack to Exterminate Humans http://t.co/8jxqL8Cv8Z,annihilation,Subconscious LA,1,0,0.4715869356906894,logreg_seed_9999,ticket_1_baseline
394,U.S National Park Services Tonto National Forest: Stop the Annihilation of the Salt River Wild Horse... http://t.co/SB5R7ShcCJ via @Change,annihilation,"Chandler, AZ",1,0,0.44572246268710125,logreg_seed_9999,ticket_1_baseline
462,#PBBan (Temporary:300) hyider_ghost2 @'aRmageddon | DO NOT KILL | FLAGS ONLY | Fast XP' for Reason,armageddon,"California, United States",1,0,0.26592863969113145,logreg_seed_9999,ticket_1_baseline
467,Armageddon https://t.co/uCSUDk3q1d,armageddon,Here And There,1,0,0.17378163487292303,logreg_seed_9999,ticket_1_baseline
716,Telnet attacked from 124.13.172.40 (STREAMYX-HOME-SOUTHERN MY),attacked,,1,0,0.3801602240428192,logreg_seed_9999,ticket_1_baseline
791,Avalanche City - Sunset http://t.co/48h3tLvLXr #nowplay #listen #radio,avalanche,World,1,0,0.381964971004559,logreg_seed_9999,ticket_1_baseline
794,Chevrolet : Avalanche LT 2011 lt used 5.3 l v 8 16 v automatic 4 wd pickup truck premium bÛ_ http://t.co/OBkY8Pc89H http://t.co/dXIRnTdSrd,avalanche,,1,0,0.44756646144663714,logreg_seed_9999,ticket_1_baseline
796,STAR WARS POWER OF THE JEDI COLLECTION 1 BATTLE DROID HASBRO - Full read by eBay http://t.co/xFguklrlTf http://t.co/FeGu8hWMc4,battle,New York,1,0,0.26263002709980193,logreg_seed_9999,ticket_1_baseline
805,Black Eye 9: A space battle occurred at Star M27329 involving 1 fleets totaling 1236 ships with 7 destroyed,battle,USA,1,0,0.165390180631463,logreg_seed_9999,ticket_1_baseline
840,FedEx to stop transporting bioterror germs after lab mishaps: FedEx has stopped transporting certain research ... http://t.co/y3dM9uLqxG,bioterror,"Phoenix, AZ",1,0,0.4946231612578764,logreg_seed_9999,ticket_1_baseline
886,@DarrellIssa Does that 'great Iran deal' cover bioterrorism? You got cut off terrible of them. Keep up the good work.,bioterrorism,,1,0,0.20677942226860704,logreg_seed_9999,ticket_1_baseline
890,Bioterrorism public health superbug biolabs epidemics biosurveillance outbreaks | Homeland Security News Wire http://t.co/cvhYGwcBZv,bioterrorism,,1,0,0.4902180646327858,logreg_seed_9999,ticket_1_baseline
893,@O_Magazine satan's daughter shadow warrior in 50ft women aka transgender mode ps nyc is about to fold extra extra center of bioterrorism,bioterrorism,,1,0,0.40784761380061507,logreg_seed_9999,ticket_1_baseline
896,@MeyerBjoern @thelonevirologi @MackayIM of a major American newspaper running a series on all the alleged bioterrorism research going on 2/n,bioterrorism,"Philadelphia, PA",1,0,0.46700575471231803,logreg_seed_9999,ticket_1_baseline
1040,you can stab me in the back but I promise you'll be the one bleeding,bleeding,IN,1,0,0.07905804175195584,logreg_seed_9999,ticket_1_baseline
1051,I waited 2.5 hours to get a cab my feet are bleeding,bleeding,,1,0,0.15720338228784744,logreg_seed_9999,ticket_1_baseline
1190,@Ashayo @MsMiggi Hi Ashayo! I believe there will be VODs on YouTube after the presentation but there is nothing like seeing it live :),blizzard,Sydney,1,0,0.1892399086827066,logreg_seed_9999,ticket_1_baseline
1195,#Tweet4Taiji is a dolphin worship group based on superstitions! Just take a look at their tweets!,blizzard,Himalayan Mountains,1,0,0.3506134306262233,logreg_seed_9999,ticket_1_baseline
1222,I call it a little bit of your blizzard?,blizzard,,1,0,0.23030437850807878,logreg_seed_9999,ticket_1_baseline
1239,people with a #tattoo out there.. Are u allowed to donate blood and receive blood as well or not?,blood,"Cairo, Egypt",1,0,0.23581973706193332,logreg_seed_9999,ticket_1_baseline
1349,"'If a truckload of soldiers will be blown up nobody panics but when one little lion dies everyone loses their mind'
http://t.co/wjNTaOkdHf",blown%20up,Cobblestone,1,0,0.3011878922045922,logreg_seed_9999,ticket_1_baseline
1433,@fuckyeahcarey @BornVerified drake killing this dude and tea bagging the dead body at this point,body%20bagging,"ÌÏT: 39.982988,-75.261624",1,0,0.3894618852044683,logreg_seed_9999,ticket_1_baseline
1610,http://t.co/wMNOnHxEIr 'Nagasaki has to be forever the last city bombed with a nuclear weapon.' #bannukes,bombed,"Nairobi, Kenya ",1,0,0.4973945313563227,logreg_seed_9999,ticket_1_baseline
1626,Storm in RI worse than last hurricane. My city&amp;3others hardest hit. My yard looks like it was bombed. Around 20000K still without power,bombed,"Warwick, RI @Dollarocracy also",1,0,0.41603792014666235,logreg_seed_9999,ticket_1_baseline
1741,@1acd4900c1424d1 @FoxNews no one is rioting burning down buildings or looting.,buildings%20burning,GO BLUE! HAIL YES!!,1,0,0.48652892063442166,logreg_seed_9999,ticket_1_baseline
1887,Leader of #Zionism STOP BURNING #Babies  https://t.co/6xYsDN2Xz0,burning,Earthling (For now!),1,0,0.42220712808918176,logreg_seed_9999,ticket_1_baseline
1899,My hand is burning,burning,,1,0,0.17619529672510986,logreg_seed_9999,ticket_1_baseline
1921,Killing Black Babies at Planned Parenthood where's the demonstrations looting of PP burning down the buildings Black Babies Lives Matter,burning%20buildings,"Sacramento, CA",1,0,0.4926164398516754,logreg_seed_9999,ticket_1_baseline
1925,the mv should just be them strutting like they mean it while buildings are burning up in the bg and flames everywhere how cool would that be,burning%20buildings,please H? ?:??,1,0,0.24908826280243979,logreg_seed_9999,ticket_1_baseline
1941,@themagickidraps not upset with a rally upset with burning buildings businesses executing cops that have nothing to do with it etc,burning%20buildings,NJ,1,0,0.33895121194499905,logreg_seed_9999,ticket_1_baseline
1963,@kshllcenterpri1 @Progress4Ohio burning down buildings what you mean like when you burnt down those black churches?,burning%20buildings,Spying on your thoughts,1,0,0.2573724905106063,logreg_seed_9999,ticket_1_baseline
1969,Where are the protests ? The riots? The burning buildings? How come you don't see any of that crap happening when... http://t.co/1QOchsPYbw,burning%20buildings,Charlotte County Florida,1,0,0.4480412331286624,logreg_seed_9999,ticket_1_baseline
2020,Need to stop bottling things up because when everything eventually explodes the casualties just keep getting higher and higher,casualties,Le Moyne '16,1,0,0.2501728494574113,logreg_seed_9999,ticket_1_baseline
2076,UNPREDICTABLE DISCONNECTED AND SOCIAL CASUALTY ARE MY FAVORITES HOW DO PEOPLE NOT LIKE THEM,casualty,,1,0,0.15976997613445404,logreg_seed_9999,ticket_1_baseline
2118,@peterjukes But there are good grounds to believe that 'political military catastrophe' was a crime planned and committed by individuals.,catastrophe,,1,0,0.33990941008775843,logreg_seed_9999,ticket_1_baseline
2125,UPDATE: 7 of the 9 Mac Pros my company bought in May have had catastrophe failures requiring repair!,catastrophe,"Brooklyn, NY",1,0,0.3772772171663605,logreg_seed_9999,ticket_1_baseline
2183,@APANO55 @JamesMelville 99% of Scientists donÛªt believe in Catastrophic Man-Made Global Warming only the deluded do.,catastrophic, Bouvet Island,1,0,0.4477790834180154,logreg_seed_9999,ticket_1_baseline
2263,ok peace I hope I fall off a cliff along with my dignity,cliff%20fall,nyc,1,0,0.2194176524117775,logreg_seed_9999,ticket_1_baseline
2298,627% but if they had lower striked than 16 I would have gone even further OTM. This could really fall off a cliff.,cliff%20fall,,1,0,0.23985842089876455,logreg_seed_9999,ticket_1_baseline
2307,Would a paramedic really do that? Leave someone inside a building that's about to collapse/blow up? @HalloIkBenWill,collapse,Scotland,1,0,0.3241069886570071,logreg_seed_9999,ticket_1_baseline
2347,Now that's what you call a batting collapse #theashes,collapse,United Kingdom,1,0,0.22133035425797154,logreg_seed_9999,ticket_1_baseline
2362,@organicallyrude @1ROCKSTAR62 #wish Mattingly &amp; Bundy &amp; McGwire were standing on it when it collapsed!,collapsed,"CAMARILLO, CA",1,0,0.41078571562333543,logreg_seed_9999,ticket_1_baseline
2367,1 hour parade like 50 people collapsed. #OneHeartOneMindOneCSS,collapsed,,1,0,0.33207793320411305,logreg_seed_9999,ticket_1_baseline
2463,I scored 111020 points in PUNCH QUEST stopped when a squeaky bat collided into my skull. http://t.co/aEtgbxm1pL,collided,,1,0,0.45239983520889177,logreg_seed_9999,ticket_1_baseline
2478,The 2 cars right in front of me collided and If I hadnt stopped in time it would've been me too. #ButGod ????,collided,,1,0,0.36874697990787614,logreg_seed_9999,ticket_1_baseline
2532,Well Saturn doesn't exist anymore. So the collision place has a starting estimate of $4000. That's 3 times what my car is worth.,collision,"East Atlanta, Georgia",1,0,0.27406564616509266,logreg_seed_9999,ticket_1_baseline
2566,Deliver Value: A Cash Source Crash Course http://t.co/st5fGBLsYe #course http://t.co/0uK0H9hOzn,crash,,1,0,0.4525772512078679,logreg_seed_9999,ticket_1_baseline
2575,Crash and burn ?? https://t.co/Jq2iB1Ob1X,crash,,1,0,0.43978757784795486,logreg_seed_9999,ticket_1_baseline
2723,A diamond is just a piece of charcoal that handled stress exceptionally well. We are hard pressed on every side but not crushed.2 cor4:8,crushed,ph,1,0,0.21705816277120027,logreg_seed_9999,ticket_1_baseline
2780,@ScotRail i be seen them turn a blind eye to a bloke drinking and smoking on during the curfew time cos'its not worth the hassle',curfew,,1,0,0.28838768608655324,logreg_seed_9999,ticket_1_baseline
2813,"A new tropical cyclone is forming near Guam.

Once it is formed it will be called 'Molave'.",cyclone,Republic of the Philippines,1,0,0.2349806401355437,logreg_seed_9999,ticket_1_baseline
2909,The sign-up is open for the FALLING FOR DANGER release day blast and review tour. Sign-up here:... http://t.co/hbdo22nqPZ,danger,,1,0,0.24752391172031404,logreg_seed_9999,ticket_1_baseline
2995,that's it val is dead im suing,dead,Spare 'Oom,1,0,0.20817856836097637,logreg_seed_9999,ticket_1_baseline
3026,@Allahsfinest12 ...death to muslims,death,"Sylacauga, Alabama",1,0,0.4817204142044609,logreg_seed_9999,ticket_1_baseline
3074,@Eazzy_P we will never know what would have happened but the govt seemed to think that their beliefs warranted the deaths of innocent japs,deaths,,1,0,0.2222791342784554,logreg_seed_9999,ticket_1_baseline
3102,@MayorofLondon pls reduce cyclist deaths with a compulsory highway code test as with EVERY OTHER VEHICLE that uses a road. #notrocketscience,deaths,Top secret bunker ,1,0,0.35529392933728166,logreg_seed_9999,ticket_1_baseline
3162,Towboat trek sympathy deluge falls: VTc http://t.co/eaaQUMkkc9,deluge,,1,0,0.3976163806353438,logreg_seed_9999,ticket_1_baseline
3180,Perhaps 'historic' should be applied not to the deluge of recently exposed #ChildSexAbuse but the truly 'historic' scale of the cover-up,deluge,London,1,0,0.2567851469722222,logreg_seed_9999,ticket_1_baseline
3199,Here I'm the UK there isn't a deluge of Canadian themed tops around...The timing was perfect. I can't quite believe it. Mad.,deluge,Newcastle upon Tyne,1,0,0.32757224890022063,logreg_seed_9999,ticket_1_baseline
3252,They've come back!! &gt;&gt; Flying ant day: Capital deluged by annual swarm of winged insects http://t.co/mNkoYZ76Cp,deluged,Aro Diaspora,1,0,0.34053604607139465,logreg_seed_9999,ticket_1_baseline
3463,@jozerphine LITERALLY JUST LOOK THAT UP! YEAH DERAILED AT SMITHSONIAN SO EVERYTHIGN IS SHUT DOWN FROM FEDERAL CENTER SW TO MCPHERSON,derailed,,1,0,0.47298855463015566,logreg_seed_9999,ticket_1_baseline
3484,So a train derailed and instead of me getting to work early like I would've I'm now late as fuck,derailed,DC,1,0,0.4407192382418138,logreg_seed_9999,ticket_1_baseline
3554,Thanks a lot roadworks men cos a tube strike wasn't disruptive enough so having to walk the desolate route from Tottenham to .....,desolate,,1,0,0.29052449088925963,logreg_seed_9999,ticket_1_baseline
3560,Me watching Law &amp; Order (IB: @sauldale305) (Vine by @NaturalExample) https://t.co/tl29LnU44O,desolate,,1,0,0.3304261056884965,logreg_seed_9999,ticket_1_baseline
3591,@Bill_Roose That looks so desolate and just...depressing,desolate,"Pueblo, CO",1,0,0.20491176815655834,logreg_seed_9999,ticket_1_baseline
3650,destroy the free fandom honestly,destroy,"Virginia, USA",1,0,0.22452906335454714,logreg_seed_9999,ticket_1_baseline
3663,Watch These Super Strong Magnets Destroy Everyday Objects: http://t.co/bTUs5jejuy http://t.co/zrTfxLuk6R,destroy,New York City,1,0,0.49783799409942897,logreg_seed_9999,ticket_1_baseline
3676,@SarniamakChris @Hromadske @kasiadear33  how silly that one of only two countries that can destroy the world has a say about world security,destroy,,1,0,0.3351681427244005,logreg_seed_9999,ticket_1_baseline
3772,@HassanRouhani Wars doomed to destruction loss money must invest in Iran's inside that should not go outside,destruction,??????? ??????? ????????,1,0,0.41492386078193677,logreg_seed_9999,ticket_1_baseline
3819,@BldrCOSheriff says 2nd grenade found is 'younger' that WWII era grenade found earlier. They'll detonate it at 8:00 tonight. @CBSDenver,detonate,Colorado,1,0,0.45044482418822235,logreg_seed_9999,ticket_1_baseline
3900,Man Currensy really be talkin that talk... I'd be more devastated if he had a ghostwriter than anybody else....,devastated,PG Chillin!,1,0,0.1984877349150555,logreg_seed_9999,ticket_1_baseline
3903,Zayn Malik &amp; Perrie Edwards End Engagement: SheÛªs Û÷DevastatedÛª http://t.co/GedOxSPpL9 http://t.co/ACZRUOrYtD,devastated,,1,0,0.4990439456239312,logreg_seed_9999,ticket_1_baseline
3904,@UN No more #GujaratRiot &amp; #MumbaiRiot92-93 which devastated 1000&amp;1000 Indianperpetrated by #Modi &amp; #ChawalChorbjp @UN_Women  @UNNewsTeam,devastated,,1,0,0.44008171071117547,logreg_seed_9999,ticket_1_baseline
3948,@WesleyLowery ?????? how are you going to survive this devastation?,devastation,Columbus,1,0,0.20685233014043344,logreg_seed_9999,ticket_1_baseline
4116,ItÛªs time to do away with drought.Check out how the #cloud #IOT are helping conserve water http://t.co/nnv3zwVANt,drought,"San Francisco , CA",1,0,0.4204561496366101,logreg_seed_9999,ticket_1_baseline
4233,Jacksonville  family bands together as memorial is planned for  ... http://t.co/tilgurKv7Z,drowned,"Jacksonville Beach, FL",1,0,0.31421066018061933,logreg_seed_9999,ticket_1_baseline
4237,I got drowned like 5 times in the damn game today ????????????,drowned,,1,0,0.3888919953576318,logreg_seed_9999,ticket_1_baseline
4253,LONDON IS DROWNING AND IIII LIVE BY THE RIVEEEEEER,drowning,Numa casa de old yellow bricks,1,0,0.24665286485430243,logreg_seed_9999,ticket_1_baseline
4264,@_jeesss_ @Ethereal_7 Hello 911 yeah we have someone drowning here send a medic http://t.co/7GiglwdMhy,drowning,New Jersey/ D.R.,1,0,0.4061894033072774,logreg_seed_9999,ticket_1_baseline
4395,Sure the #Megaquake story brought a sense of panic but the question is: will anything really change? http://t.co/9f3rDN9N3D,earthquake,"Seattle, WA",1,0,0.20541504323110815,logreg_seed_9999,ticket_1_baseline
4479,Do babies actually get electrocuted from wall sockets? I'm wondering how I and those before me survived childhood.,electrocuted,"Redondo Beach, CA",1,0,0.2614174916528842,logreg_seed_9999,ticket_1_baseline
4491,"Worked in factory pressing designs onto T-shirts was electrocuted 
d/t faulty ground. Boss docked my pay while I was at ER #WorstSummerJob",electrocuted,Atlanta,1,0,0.41006402912612516,logreg_seed_9999,ticket_1_baseline
4580,#Biztip We recommend all businesses to get an alternative source of electricity. #Solar Wind and Batteries. Have an emergency plan! Now!,emergency%20plan,U.S. Northern Virginia,1,0,0.3028640356578988,logreg_seed_9999,ticket_1_baseline
4600,@Glenstannard @EssexWeather do you know where abouts as I heard emergency services near by,emergency%20services,,1,0,0.27464213607255145,logreg_seed_9999,ticket_1_baseline
4604,#Nursing alert: Emergency Department Psychiatric RN (.90 FTE Day) | Providence Health &amp; Services | #Olympia WA http://t.co/Yu6NUe7gFB,emergency%20services,"Olympia, WA",1,0,0.366531528036842,logreg_seed_9999,ticket_1_baseline
4678,#RaheelSharif is manifesting how one RIGHT man at the helm can save a Sinking Ship engulfed in a Dark-Stormy-Tidal-Sea. Well Done.,engulfed,,1,0,0.3067194612281911,logreg_seed_9999,ticket_1_baseline
4697,Lucas Duda is Ghost Rider. Not the Nic Cage version but an actual 'engulfed in flames' badass. #Mets,engulfed,,1,0,0.3381650422673143,logreg_seed_9999,ticket_1_baseline
4711,I feel like if MKayla and Cee ever got in the same room everyone should evacuate because it would be so petty and childish I couldn't deal,evacuate,,1,0,0.14491778498232605,logreg_seed_9999,ticket_1_baseline
4731,Condemnation clearly replacing the latest response aimlessly dryer evacuate detersion de: HLg,evacuate,,1,0,0.42984482758866444,logreg_seed_9999,ticket_1_baseline
4732,The EFAK would be designed for building occupants once they evacuate and report to their evacuation assembly sites,evacuate,"Chevy Chase, MD",1,0,0.48220853653478873,logreg_seed_9999,ticket_1_baseline
4735,@joonma_ dealbreaker that's it that's the dealbreaker s.o.s. abandon ship evacuate the building,evacuate,wrapped arnd hyuk's finger,1,0,0.3106057662666893,logreg_seed_9999,ticket_1_baseline
4753,@MeetKakarotto 'Don't bother while you were offline I managed to evacuate everyone out of here including Hinata so so go ahead and cause--,evacuate,Konoha Village,1,0,0.2902044078019146,logreg_seed_9999,ticket_1_baseline
4758,AND MY FAM HAD TO EVACUATE BC WE NEED POWER,evacuate,Û¢901Û¢,1,0,0.2582879297987798,logreg_seed_9999,ticket_1_baseline
4945,Kai Forbath just demolished a weather station set up on a drill field with a missed field goal. Thing just exploded into metal bits.,exploded,zboyer@washingtontimes.com,1,0,0.40540660421418534,logreg_seed_9999,ticket_1_baseline
5095,I've experienced the smell of rotting potatoes for the first time. The Famine must have been awful if the whole country smelled like that.,famine,Ireland,1,0,0.40473417644646575,logreg_seed_9999,ticket_1_baseline
5200,Las Vegas in top 5 cities for red-light running fatalities http://t.co/kC8O81BcHG,fatalities,USA,1,0,0.46042097763259915,logreg_seed_9999,ticket_1_baseline
5209,Message boards will display updated traffic fatalities (up from 582) and new message beginning today: Traffic deaths 616 - Slow for Workers.,fatalities,"Lima, Ohio",1,0,0.3885500348158617,logreg_seed_9999,ticket_1_baseline
5278,"The Opposite of Love is Fear HereÛªs Why
http://t.co/r5bXZzhXkm",fear,,1,0,0.3394218359475743,logreg_seed_9999,ticket_1_baseline
5389,Found this cool photo not mine 1952 Dodge Wayne bodied 4 window bus.  Ex Libby MT Fire Department truck. All oriÛ_ http://t.co/mcEjZzxgh8,fire%20truck,Five down from the Coffeeshop,1,0,0.417232223919891,logreg_seed_9999,ticket_1_baseline
5409,Jacksonville Fire &amp; Rescue Engine 58 - AWESOME TRUCK! - OFFICIAL JADE FL... https://t.co/ybdSlJw7c1 via @YouTube,fire%20truck,,1,0,0.31158118355934616,logreg_seed_9999,ticket_1_baseline
5458,As firefighters make gains on #RockyFire Jerry Brown is heading to the area to meet with first responders tomorrow morning,first%20responders,"Sacramento, CA",1,0,0.4746906504421562,logreg_seed_9999,ticket_1_baseline
5461,New Giant Flames (GIANT FULL BLACK PANTOFEL) info/order sms:087809233445 pin:23928835 http://t.co/dthNEezupe  pic.twitter.com/pNPiZoDY,flames,Bandung,1,0,0.19110767686279992,logreg_seed_9999,ticket_1_baseline
5559,@SatanaOfHell ever seen by far. A dreamy look came over his face and his ears flattened as he started to walk slowly toward her.* You'd-,flattened,Rocketing through the galaxy,1,0,0.14928350766637555,logreg_seed_9999,ticket_1_baseline
5625,#Laos flooding -10 villages underwater World Vision responding http://t.co/8fvQRizOUX,flooding,Jakarta/Kuala Lumpur/S'pore,1,0,0.47815042989293705,logreg_seed_9999,ticket_1_baseline
5631,"When the waves are flooding the shore
And I can't find my way home anymore
That's when I look at you http://t.co/TDAKtGlU5p",flooding,I ACCEPT SONG REQUESTS,1,0,0.2761781350005407,logreg_seed_9999,ticket_1_baseline
5665,@pmharper don't worry I'm sure climate has nothing to do with hail floods tornados in Alberta &amp; Ontario. I'm sure god's just mad at you.,floods,,1,0,0.2682973021220167,logreg_seed_9999,ticket_1_baseline
5713,I added a video to a @YouTube playlist http://t.co/bcjYleRRYX Ori and the Bind forest ep 6 'Fire and death',forest%20fire,Shelby County,1,0,0.38095983166575514,logreg_seed_9999,ticket_1_baseline
5714,How is it one careless match can start a forest fire but it takes a whole box to start a campfire?,forest%20fire,,1,0,0.30196344387122365,logreg_seed_9999,ticket_1_baseline
5719,@Sweet2Young -runs at her for setting my forest on fire and bites the shit out of her neck-,forest%20fire,,1,0,0.48500996540048136,logreg_seed_9999,ticket_1_baseline
5891,IMAGINE A DOCTOR TREATING AN #EBOLA PATIENT WITHOUT EVER PLACING HIMSELF IN HARM'S WAY. http://t.co/dliZfkk30Y,harm,"Cleveland, OH - San Diego, CA",1,0,0.43853714690673296,logreg_seed_9999,ticket_1_baseline
5979,@LondonFire Hi ..Is there an email that people can use to report s'thing they think is a fire hazard/dangerous?,hazard,,1,0,0.4087898655934492,logreg_seed_9999,ticket_1_baseline
6050,@hollywarnexx mini heat wave apaz,heat%20wave,"Crayford, London",1,0,0.46162033448499346,logreg_seed_9999,ticket_1_baseline
6065,@rachelcaine The weatherit needs to make it minds up. First snow tornadoes now would you say a heat wave?,heat%20wave,Somewhere out there,1,0,0.2559152614531232,logreg_seed_9999,ticket_1_baseline
6123,#Allah describes piling up #wealth thinking it would last #forever as the description of the people of #Hellfire in Surah Humaza. #Reflect,hellfire,?????? ???? ??????,1,0,0.34045496702969347,logreg_seed_9999,ticket_1_baseline
6126,Fel Lord Zakuun is about to DIE ! #Hellfire #WOD http://t.co/x1oNV3d5uX,hellfire,Silvermoon or Ironforge,1,0,0.3288460042646482,logreg_seed_9999,ticket_1_baseline
6271,@Drsarwatzaib070 come on. IK will face MCourt for attacking parliment and hijacking TV station.,hijacking,,1,0,0.295696321269988,logreg_seed_9999,ticket_1_baseline
6276,#hot  Funtenna: hijacking computers to send data as sound waves [Black Hat 2015] http://t.co/xV3D9bPjHi #prebreak #best,hijacking,Japan,1,0,0.3118748194184397,logreg_seed_9999,ticket_1_baseline
6292,Egyptian Militants Tied to ISIS Threaten to Kill Croatian Hostage (New York Times) http://t.co/GTXndnJRrl (1717 GMT),hostage,,1,0,0.44828940271610734,logreg_seed_9999,ticket_1_baseline
6325,I went to pick up my lunch today and the bartender was holding my change hostage because he wanted my number. ??,hostage,,1,0,0.11766504688132354,logreg_seed_9999,ticket_1_baseline
6407,My back is so sunburned :(,hurricane,,1,0,0.049868011507609125,logreg_seed_9999,ticket_1_baseline
6420,@pattonoswalt @FoxNews Wait I thought Fecal Hurricane was on SciFi? Maybe that was turdnado. I've been forgeting up a shit storm lately.,hurricane,,1,0,0.4947911418212379,logreg_seed_9999,ticket_1_baseline
6495,My baby girls car wreak this afternoon thank God no serious injuries and she was wearing her seatbelt!!!... http://t.co/NJQV45ndS2,injuries,Tennessee,1,0,0.22926615366216468,logreg_seed_9999,ticket_1_baseline
6631,@Bilsko and suddenly I'm inundated with research. @humofthecity,inundated,"Paducah, KY",1,0,0.2774950093514162,logreg_seed_9999,ticket_1_baseline
6702,The sunset looked like an erupting volcano .... My initial thought was the Pixar short Lava http://t.co/g4sChqFEsT,lava,probably watching survivor,1,0,0.34018814659780283,logreg_seed_9999,ticket_1_baseline
6745,@YoungHeroesID LAVA BLAST dan POWER RED #PantherAttack @Mirmanda11 @evaaaSR,lava,"di langit 7 bidadari (^,^ )",1,0,0.2853253647751206,logreg_seed_9999,ticket_1_baseline
6756,The Lightning out here is something serious!,lightning,Georgia,1,0,0.3018031383992236,logreg_seed_9999,ticket_1_baseline
6758,NWS says thunderstorms with deadly lightning will move across the Black Hills this evening. That assumes there's a safe type. Hmm?,lightning,"Rapid City, Black Hills, SD",1,0,0.3737579233465856,logreg_seed_9999,ticket_1_baseline
6823,Jrowah: Breaking news! Unconfirmed! I just heard a loud bang nearby. in what appears to be a blast of wind from my neighbour's ass.,loud%20bang,Kenya,1,0,0.22894579061976827,logreg_seed_9999,ticket_1_baseline
6854,The media needs to stop publicizing mass murder. So many sick people do these things for the eyes of the world &amp; the media is not helping.,mass%20murder,New Sweden,1,0,0.4753826162085382,logreg_seed_9999,ticket_1_baseline
6885,@JakeGint the mass murder got her hot and bothered but at heart she was always a traditionalist.,mass%20murder,,1,0,0.4478752843485425,logreg_seed_9999,ticket_1_baseline
6896,Okay not sure the word 'mass murder' applies during this war but it was horrendous none the less. https://t.co/Sb3rjQqzIX,mass%20murder,"Huntsville, AL",1,0,0.46458365456800366,logreg_seed_9999,ticket_1_baseline
6970,"Headed to the massacre 
Bodies arriving everyday 
What were those shells you heard 
Picking the bones up along the way",massacre,,1,0,0.3638509305847675,logreg_seed_9999,ticket_1_baseline
7091,Byproduct of metal price meltdown is a higher silver price http://t.co/cZWjw4UV7i,meltdown,The Internet,1,0,0.4138111874449392,logreg_seed_9999,ticket_1_baseline
7227,*books a flight to Burma when country is enduring political unrest and a natural disaster* no wonder it was so cheap ay,natural%20disaster,,1,0,0.4225549798392122,logreg_seed_9999,ticket_1_baseline
7229,We have overrun a Natural Disaster Survival server!,natural%20disaster,"Suburban Detroit, Michigan",1,0,0.4856233998228671,logreg_seed_9999,ticket_1_baseline
7319,If I'm also not mistaken we're sitting right next 2 a nuclear reactor. Not smart when we have a cataclysmic event &amp; that reator melts down.,nuclear%20reactor,"Phoenix, Arizona, USA",1,0,0.3799865468883309,logreg_seed_9999,ticket_1_baseline
7324,@stunckle @Gordon_R74 @crazydoctorlady ...I'm no expert but raw uranium and nuclear reactor fuel rods are 2 very different creatures...,nuclear%20reactor,"Johannesburg, South Africa",1,0,0.41688812142641,logreg_seed_9999,ticket_1_baseline
7437,@TheEvilOlives It's the closest structure to the hypo centre that wasn't completely obliterated.,obliterated,Upstairs.,1,0,0.18377116813576208,logreg_seed_9999,ticket_1_baseline
7457,@ThatSabineGirl you get me sis. this planet could do with a huge dose of obliteration.,obliteration,"a feminist, modernist hag.",1,0,0.1214589259434934,logreg_seed_9999,ticket_1_baseline
7607,I'll be at SFA very soon....#Pandemonium http://t.co/RW8b50xz9m,pandemonium,,1,0,0.3212086025808382,logreg_seed_9999,ticket_1_baseline
7621,@KhalidKKazi mate they've taken another 2 since I posted this tweet it's pandemonium,pandemonium,"Leeds, UK",1,0,0.2775149279431745,logreg_seed_9999,ticket_1_baseline
7643,Truly a scene of chaos unprecedented in frenzy. Pandemonium even. Utter disorder. That anyone survived such mania is astounding. @catovitch,pandemonium,California,1,0,0.38994191815320073,logreg_seed_9999,ticket_1_baseline
7722,all that panicking made me tired ;__; i want to sleep in my bed,panicking,,1,0,0.10708566926413958,logreg_seed_9999,ticket_1_baseline
7844,Reddit Will Now Quarantine Offensive Content http://t.co/LTmgdP6Jaf,quarantine,,1,0,0.17867270412378924,logreg_seed_9999,ticket_1_baseline
8029,Short of throwing them overboard himself I don't think any other leader could do much worse by #refugees than @TonyAbbottMHR worst pm ever!,refugees,,1,0,0.3960995917783359,logreg_seed_9999,ticket_1_baseline
8085,Flood-zone : General Raheel Sharif visits Chitral: He  also lauded the efforts of  FWO army troops and army aviation in rescue opera...,rescue,Karachi,1,0,0.38194983742602373,logreg_seed_9999,ticket_1_baseline
8234,@DavidJordan88 @Stephanenny Except we don't know who started the riot or if it even makes sense to credit any particular individuals...,riot,"Sligo and Galway, Ireland",1,0,0.1961456297581696,logreg_seed_9999,ticket_1_baseline
8246,'Money can't buy happiness' is just a lie we tell poor people to keep them from rioting.,rioting,SURROUNDED BY WEEABOOS,1,0,0.27098134961281567,logreg_seed_9999,ticket_1_baseline
8289,AM `bbcnews The Ass British Insurers says rioting will cost insurers163;millions. But police numbers are reduced by blind fat controllers.,rioting,A little house in the outback.,1,0,0.45973482340795685,logreg_seed_9999,ticket_1_baseline
8704,4 equipment ego break upon dig your family internet hoke excepting versus a sinking term: dfLJEV,sinking,,1,0,0.1879735351381462,logreg_seed_9999,ticket_1_baseline
8735,That horrible sinking feeling when youÛªve been at home on your phone for a while and you realise its been on 3G this whole time,sinking,,1,0,0.33935466986438434,logreg_seed_9999,ticket_1_baseline
8786,@SoonerMagic_ I mean I'm a fan but I don't need a girl sounding off like a damn siren,siren,Flipadelphia,1,0,0.1709228429540112,logreg_seed_9999,ticket_1_baseline
8795,"Thu Aug 06 2015 01:20:32 GMT+0000 (UTC)
#millcityio #20150613
theramin sirens",sirens,... -.- -.--,1,0,0.49689995622822936,logreg_seed_9999,ticket_1_baseline
8802,my dad said I look thinner than usual but really im over here like http://t.co/bnwyGx6luh,sirens,they/them ,1,0,0.3377295554702429,logreg_seed_9999,ticket_1_baseline
8880,I get to smoke my shit in peace,smoke,Ktx,1,0,0.295488222513148,logreg_seed_9999,ticket_1_baseline
8905,New #photo Oak in a snowstorm http://t.co/HK9Yf72OVA taken in #winter on the #SouthDowns #Hampshire #photography #art #tree #treeporn,snowstorm,"Hampshire, UK",1,0,0.4152275696967761,logreg_seed_9999,ticket_1_baseline
9034,Scary stuff in San Antonio. Stars head coach Dan Hughes was run into on the sidelines and fell over chairs onto the floor. Stretcher now out,stretcher,NJ/NY/NM/NE/ND,1,0,0.3088167585892216,logreg_seed_9999,ticket_1_baseline
9276,Aquarium Ornament Wreck Sailing Boat Sunk Ship Destroyer Fish Tank Cave Decor - Full read Û_ http://t.co/nosA8JJjiN http://t.co/WUKvdavUJu,sunk,New York,1,0,0.2587301335890977,logreg_seed_9999,ticket_1_baseline
9314,A country Chim can survive!,survive,,1,0,0.25065752093190746,logreg_seed_9999,ticket_1_baseline
9425,@Arovolturi3000 survived because of magic  she is searching the wood for survivors outside of London,survivors,"WV, love the blue and gold",1,0,0.430982292733222,logreg_seed_9999,ticket_1_baseline
9436,Stemming from my #Cubs talk- the team rosters 2 cancer survivors in @ARizzo44 &amp; @JLester34...@Cubs fans: help another http://t.co/XGnjgLE9eQ,survivors,"Marietta, GA",1,0,0.4460287209804449,logreg_seed_9999,ticket_1_baseline
9496,Signing a petition to seek mercy on a death punishment for a convivted terrorist is a job well done in India. But asking a foreign govt 1/n,terrorist,,1,0,0.45362618960324125,logreg_seed_9999,ticket_1_baseline
9557,Meek Mill responds to DrakeÛªs OVO Fest set with wedgie threat http://t.co/qqSKYbARNg,threat,"BiÌ±an,Laguna",1,0,0.40650383441098314,logreg_seed_9999,ticket_1_baseline
9574,@OriginalFunko @Spencers THUNDER BUDDYS!!!! THUNDER BUDDYS!!!!,thunder,,1,0,0.34163545557242453,logreg_seed_9999,ticket_1_baseline
9586,The thunder shook my house woke my sister and made car alarms go off ????,thunder,,1,0,0.1900580745247923,logreg_seed_9999,ticket_1_baseline
9589,I hear lightening and see thunder,thunder,,1,0,0.3001275760108835,logreg_seed_9999,ticket_1_baseline
9690,@Rebelmage2 I'm glad you got away XD But My 'be safe' was in reference to a tornado near calgary and drum heller at around 4 :O,tornado,,1,0,0.44794821019446823,logreg_seed_9999,ticket_1_baseline
9709,shit is hard to get over but sometimes the tragedy means it's over soulja..,tragedy,,1,0,0.40116804204957524,logreg_seed_9999,ticket_1_baseline
9738,@itss_selenaluna like a beautiful ass tragedy lol,tragedy,houston,1,0,0.13737729649032604,logreg_seed_9999,ticket_1_baseline
9780,Literally trapped in my room Cuz my bathroom being remodeled. The only exit is through a window,trapped,876 Jamrock.,1,0,0.17280456520992085,logreg_seed_9999,ticket_1_baseline
9868,@PyramidHead76 one good thing came out of watching the film.  Was too traumatised to watch show so started Halt &amp; Catch Fire on Amazon. :D,traumatised,Scotland,1,0,0.35766924461597066,logreg_seed_9999,ticket_1_baseline
9916,@canagal Good to hear it's back.. that storm's been given you guys trouble though :( ^SJ,trouble,Canada,1,0,0.2537417065933451,logreg_seed_9999,ticket_1_baseline
9940,@cspan #Prez. Mr. President you are the biggest terrorist and trouble maker in the world. You create terrorist you sponsor terrorist.,trouble,,1,0,0.27499868717850856,logreg_seed_9999,ticket_1_baseline
9960,So did we have a hurricane tornado tsunami? Someone please tell me what the hell happened #nopower,tsunami,,1,0,0.2763233696791887,logreg_seed_9999,ticket_1_baseline
9961,@helene_yancey GodsLove &amp; #thankU my sister Helene for RT of NEW VIDEO http://t.co/cybKsXHF7d The Coming Apocalyptic US Earthquake &amp; Tsunami,tsunami,in the Word of God,1,0,0.30932957369782377,logreg_seed_9999,ticket_1_baseline
9972,"Crptotech tsunami and banks.
 http://t.co/KHzTeVeDja #Banking #tech #bitcoing #blockchain",tsunami,,1,0,0.387031848474638,logreg_seed_9999,ticket_1_baseline
10203,If you were the NWS wth a rotating storm w/ a report of a 'HUGE' / 'MASSIVE' / 'VIOLENT' tornado what would you do? https://t.co/J3dI85IST5,violent%20storm,,1,0,0.48583282206530204,logreg_seed_9999,ticket_1_baseline
10239,@alextucker VOLCANO BOWL DRINK,volcano,"cleveland, oh",1,0,0.3284655295165736,logreg_seed_9999,ticket_1_baseline
10265,the war on drugs has turned the U.S. into a WAR zone.,war%20zone,Host of #MindMoversPodcast,1,0,0.44235898642689064,logreg_seed_9999,ticket_1_baseline
10274,Looks and sounds like a war zone,war%20zone,,1,0,0.27359974417147165,logreg_seed_9999,ticket_1_baseline
10318,Even if u have your weapon and your badge we gonna put them choppas on your ass????,weapon,,1,0,0.12863142787910256,logreg_seed_9999,ticket_1_baseline
10390,A quarter whirlwind. They don't see it coming.,whirlwind,CHICAGO,1,0,0.20826003878872715,logreg_seed_9999,ticket_1_baseline
10394,Weather forecast for Thailand  A Whirlwind is coming ...2 september https://t.co/rUKjYjG9oQ,whirlwind,Thailand,1,0,0.39095832558567306,logreg_seed_9999,ticket_1_baseline
10406,Back from Seattle Tacoma and Portland. Whirlwind! http://t.co/qwHINBni8e,whirlwind,New York,1,0,0.43659372839227417,logreg_seed_9999,ticket_1_baseline
10409,I moved to England five years ago today. What a whirlwind of time it has been! http://t.co/eaSlGeA1B7,whirlwind,Stamford & Cork (& Shropshire),1,0,0.41115041731623186,logreg_seed_9999,ticket_1_baseline
10433,This past week has been an absolute whirlwind.... Athens bound,whirlwind,Atlanta - FAU class of '18,1,0,0.2603126659150078,logreg_seed_9999,ticket_1_baseline
10485,Does the #FingerRockFire make you wonder 'am I prepared for a wildfire'. Find out at http://t.co/eX8A5JYZm5 #azwx http://t.co/DeEeKobmXa,wildfire,"Tucson, AZ",1,0,0.42360632089724787,logreg_seed_9999,ticket_1_baseline
10522,This machine really captured my attention. #helicopter #firefighting #wildfire #oregon #easternoregonÛ_ https://t.co/V6qxnFHRxF,wildfire,,1,0,0.3098868359698024,logreg_seed_9999,ticket_1_baseline
10545,Texas Seeks Comment on Rules for Changes to WindstormåÊInsurer http://t.co/92fwtObi3U,windstorm,,1,0,0.45412396994312,logreg_seed_9999,ticket_1_baseline
10552,#Insurance Texas Seeks Comment on Rules for Changes to Windstorm Insurer: The Texas Department of Insurance is...  http://t.co/byvUBg0WyE,windstorm,,1,0,0.3858880700197909,logreg_seed_9999,ticket_1_baseline
10574,Damn...was wondering where my drone ended up after the freak windstorm...?? https://t.co/dHgGxo7Mcc,windstorm,Argus Industries \m/666\m/,1,0,0.22526317979935664,logreg_seed_9999,ticket_1_baseline
10636,Gunshot wound #9 is in the bicep. The only one of the ten wounds that is not in the chest/torso area.  #KerrickTrial #JonathanFerrell,wounds,Charlotte ,1,0,0.47448792639962384,logreg_seed_9999,ticket_1_baseline
10676,@IcyMagistrate ÛÓher upper armÛÒ those /friggin/ icicle projectilesÛÒ and leg from various other wounds the girl looks like a miniature moreÛÓ,wounds,?Gangsta OC / MV RP; 18+.?,1,0,0.4273441134123923,logreg_seed_9999,ticket_1_baseline
10729,Omg if Cain dies i will be an emotional wreck #emmerdale,wreck,Norwich,1,0,0.1925219057111836,logreg_seed_9999,ticket_1_baseline
10823,@Kirafrog @mount_wario Did you get wrecked again?,wrecked,"Manhattan, NY",1,0,0.07833920705541907,logreg_seed_9999,ticket_1_baseline
