ticket,model_name,feature,coefficient,direction
ticket-1,tfidf_12_sublinear_lr_liblinear_c1,text:you,-3.61114985436,negative
ticket-1,tfidf_12_sublinear_lr_liblinear_c1,text:my,-3.03655888326,negative
ticket-1,tfidf_12_sublinear_lr_liblinear_c1,text:new,-1.83608930935,negative
ticket-1,tfidf_12_sublinear_lr_liblinear_c1,text:full,-1.30003013994,negative
ticket-1,tfidf_12_sublinear_lr_liblinear_c1,text:body,-1.29766272126,negative
ticket-1,tfidf_12_sublinear_lr_liblinear_c1,text:me,-1.28014243638,negative
ticket-1,tfidf_12_sublinear_lr_liblinear_c1,text:wrecked,-1.2188387571,negative
ticket-1,tfidf_12_sublinear_lr_liblinear_c1,text:all,-1.17943251984,negative
ticket-1,tfidf_12_sublinear_lr_liblinear_c1,text:he,-1.15600424592,negative
ticket-1,tfidf_12_sublinear_lr_liblinear_c1,text:your,-1.15416622654,negative
ticket-1,tfidf_12_sublinear_lr_liblinear_c1,text:love,-1.14992795459,negative
ticket-1,tfidf_12_sublinear_lr_liblinear_c1,text:bags,-1.05712970746,negative
ticket-1,tfidf_12_sublinear_lr_liblinear_c1,text:can,-1.0542291452,negative
ticket-1,tfidf_12_sublinear_lr_liblinear_c1,text:song,-1.03919300532,negative
ticket-1,tfidf_12_sublinear_lr_liblinear_c1,text:so,-1.03385440257,negative
ticket-1,tfidf_12_sublinear_lr_liblinear_c1,text:out,-0.994919812514,negative
ticket-1,tfidf_12_sublinear_lr_liblinear_c1,text:it,-0.99138071209,negative
ticket-1,tfidf_12_sublinear_lr_liblinear_c1,text:or,-0.98422974923,negative
ticket-1,tfidf_12_sublinear_lr_liblinear_c1,text:and,-0.952985751742,negative
ticket-1,tfidf_12_sublinear_lr_liblinear_c1,text:screams,-0.945106600679,negative
ticket-1,tfidf_12_sublinear_lr_liblinear_c1,text:crush,-0.931840449366,negative
ticket-1,tfidf_12_sublinear_lr_liblinear_c1,text:she,-0.91933415988,negative
ticket-1,tfidf_12_sublinear_lr_liblinear_c1,text:his,-0.91405205742,negative
ticket-1,tfidf_12_sublinear_lr_liblinear_c1,text:youtube,-0.892702330328,negative
ticket-1,tfidf_12_sublinear_lr_liblinear_c1,text:crushed,-0.887234652973,negative
ticket-1,tfidf_12_sublinear_lr_liblinear_c1,text:blew,-0.886067339715,negative
ticket-1,tfidf_12_sublinear_lr_liblinear_c1,text:ruin,-0.883920535931,negative
ticket-1,tfidf_12_sublinear_lr_liblinear_c1,text:is,-0.87626075135,negative
ticket-1,tfidf_12_sublinear_lr_liblinear_c1,text:screaming,-0.872203721239,negative
ticket-1,tfidf_12_sublinear_lr_liblinear_c1,text:traumatised,-0.870064263814,negative
ticket-1,tfidf_12_sublinear_lr_liblinear_c1,text:were,1.21274292256,positive
ticket-1,tfidf_12_sublinear_lr_liblinear_c1,text:crash,1.22272525957,positive
ticket-1,tfidf_12_sublinear_lr_liblinear_c1,text:terrorism,1.23550140587,positive
ticket-1,tfidf_12_sublinear_lr_liblinear_c1,text:derailment,1.27470492704,positive
ticket-1,tfidf_12_sublinear_lr_liblinear_c1,text:drought,1.28163539643,positive
ticket-1,tfidf_12_sublinear_lr_liblinear_c1,text:on,1.28564919627,positive
ticket-1,tfidf_12_sublinear_lr_liblinear_c1,text:mh370,1.33932717448,positive
ticket-1,tfidf_12_sublinear_lr_liblinear_c1,text:after,1.3679738934,positive
ticket-1,tfidf_12_sublinear_lr_liblinear_c1,text:earthquake,1.3777741644,positive
ticket-1,tfidf_12_sublinear_lr_liblinear_c1,text:at,1.3975547322,positive
ticket-1,tfidf_12_sublinear_lr_liblinear_c1,text:bombing,1.40793230197,positive
ticket-1,tfidf_12_sublinear_lr_liblinear_c1,text:buildings,1.42141896963,positive
ticket-1,tfidf_12_sublinear_lr_liblinear_c1,text:typhoon,1.43721028706,positive
ticket-1,tfidf_12_sublinear_lr_liblinear_c1,text:mass,1.48994877835,positive
ticket-1,tfidf_12_sublinear_lr_liblinear_c1,text:killed,1.51874312056,positive
ticket-1,tfidf_12_sublinear_lr_liblinear_c1,text:storm,1.56620390244,positive
ticket-1,tfidf_12_sublinear_lr_liblinear_c1,text:police,1.5834001818,positive
ticket-1,tfidf_12_sublinear_lr_liblinear_c1,text:over,1.6992915404,positive
ticket-1,tfidf_12_sublinear_lr_liblinear_c1,text:suicide,1.72639409972,positive
ticket-1,tfidf_12_sublinear_lr_liblinear_c1,text:disaster,1.76645303069,positive
ticket-1,tfidf_12_sublinear_lr_liblinear_c1,text:of,1.8519523264,positive
ticket-1,tfidf_12_sublinear_lr_liblinear_c1,text:co,1.87889468376,positive
ticket-1,tfidf_12_sublinear_lr_liblinear_c1,text:train,2.03175642071,positive
ticket-1,tfidf_12_sublinear_lr_liblinear_c1,text:fire,2.09237951023,positive
ticket-1,tfidf_12_sublinear_lr_liblinear_c1,text:fires,2.09591675532,positive
ticket-1,tfidf_12_sublinear_lr_liblinear_c1,text:hiroshima,2.19247223216,positive
ticket-1,tfidf_12_sublinear_lr_liblinear_c1,text:http,2.32226639134,positive
ticket-1,tfidf_12_sublinear_lr_liblinear_c1,text:california,2.3223375209,positive
ticket-1,tfidf_12_sublinear_lr_liblinear_c1,text:http co,2.33308354879,positive
ticket-1,tfidf_12_sublinear_lr_liblinear_c1,text:in,3.91438155392,positive
ticket-2,url_replace,text:you,-3.67414683934,negative
ticket-2,url_replace,text:my,-3.21443925613,negative
ticket-2,url_replace,text:new,-1.7373570314,negative
ticket-2,url_replace,text:me,-1.36433232849,negative
ticket-2,url_replace,text:body,-1.32361324198,negative
ticket-2,url_replace,text:full,-1.23334929247,negative
ticket-2,url_replace,text:all,-1.22263525978,negative
ticket-2,url_replace,text:love,-1.19755613314,negative
ticket-2,url_replace,text:wrecked,-1.19677871095,negative
ticket-2,url_replace,text:he,-1.19653452178,negative
ticket-2,url_replace,text:your,-1.15487910808,negative
ticket-2,url_replace,text:it,-1.12749833175,negative
ticket-2,url_replace,text:can,-1.11070696743,negative
ticket-2,url_replace,text:so,-1.09635512522,negative
ticket-2,url_replace,text:bags,-1.05673262118,negative
ticket-2,url_replace,text:song,-1.03897994879,negative
ticket-2,url_replace,text:out,-1.02616969044,negative
ticket-2,url_replace,text:or,-1.00390035907,negative
ticket-2,url_replace,text:is,-0.999060705202,negative
ticket-2,url_replace,text:and,-0.965839759633,negative
ticket-2,url_replace,text:crush,-0.943324373849,negative
ticket-2,url_replace,text:stretcher,-0.931688358693,negative
ticket-2,url_replace,text:his,-0.926049035951,negative
ticket-2,url_replace,text:youtube,-0.921386682129,negative
ticket-2,url_replace,text:she,-0.906836255645,negative
ticket-2,url_replace,text:ruin,-0.905729642519,negative
ticket-2,url_replace,text:blew,-0.905677460155,negative
ticket-2,url_replace,text:crushed,-0.876140579031,negative
ticket-2,url_replace,text:screams,-0.870473121908,negative
ticket-2,url_replace,text:traumatised,-0.865267896879,negative
ticket-2,url_replace,text:bomb,1.20032532286,positive
ticket-2,url_replace,text:were,1.20201073072,positive
ticket-2,url_replace,text:near,1.21478923664,positive
ticket-2,url_replace,text:from,1.21658920952,positive
ticket-2,url_replace,text:crash,1.24427516944,positive
ticket-2,url_replace,text:on,1.28253908898,positive
ticket-2,url_replace,text:derailment,1.31412373773,positive
ticket-2,url_replace,text:drought,1.32060769609,positive
ticket-2,url_replace,text:mh370,1.36622215495,positive
ticket-2,url_replace,text:buildings,1.38694881805,positive
ticket-2,url_replace,text:earthquake,1.38933183494,positive
ticket-2,url_replace,text:bombing,1.39150050704,positive
ticket-2,url_replace,text:at,1.41182592711,positive
ticket-2,url_replace,text:typhoon,1.44178309827,positive
ticket-2,url_replace,text:mass,1.44812586118,positive
ticket-2,url_replace,text:after,1.46558022877,positive
ticket-2,url_replace,text:killed,1.52347411833,positive
ticket-2,url_replace,text:police,1.59608036577,positive
ticket-2,url_replace,text:storm,1.60300495939,positive
ticket-2,url_replace,text:over,1.70529859433,positive
ticket-2,url_replace,text:suicide,1.73694576,positive
ticket-2,url_replace,text:disaster,1.81708288636,positive
ticket-2,url_replace,text:of,1.86732493918,positive
ticket-2,url_replace,text:train,2.03677855893,positive
ticket-2,url_replace,text:fire,2.05602965294,positive
ticket-2,url_replace,text:fires,2.11560797366,positive
ticket-2,url_replace,text:hiroshima,2.25808798894,positive
ticket-2,url_replace,text:california,2.38871430189,positive
ticket-2,url_replace,text:urltoken,3.08912749161,positive
ticket-2,url_replace,text:in,4.00302778753,positive
ticket-3,keyword,keyword:keyword_aftershock,-1.99664797376,negative
ticket-3,keyword,keyword:keyword_body%20bags,-1.99664797376,negative
ticket-3,keyword,keyword:keyword_bloody,-1.86263267249,negative
ticket-3,keyword,keyword:keyword_body%20bag,-1.86263267249,negative
ticket-3,keyword,keyword:keyword_ruin,-1.82918084127,negative
ticket-3,keyword,keyword:keyword_blazing,-1.825138937,negative
ticket-3,keyword,keyword:keyword_wrecked,-1.77005985457,negative
ticket-3,keyword,keyword:keyword_hellfire,-1.63715253219,negative
ticket-3,keyword,keyword:keyword_panicking,-1.56155957631,negative
ticket-3,keyword,keyword:keyword_stretcher,-1.56155957631,negative
ticket-3,keyword,keyword:keyword_explode,-1.56155957631,negative
ticket-3,keyword,keyword:keyword_obliterate,-1.56155957631,negative
ticket-3,keyword,keyword:keyword_blew%20up,-1.53596116204,negative
ticket-3,keyword,keyword:keyword_blizzard,-1.5209519109,negative
ticket-3,keyword,keyword:keyword_electrocute,-1.5209519109,negative
ticket-3,keyword,keyword:keyword_forest%20fires,1.66827286635,positive
ticket-3,keyword,keyword:keyword_terrorist,1.66827286635,positive
ticket-3,keyword,keyword:keyword_evacuated,1.75701376174,positive
ticket-3,keyword,keyword:keyword_suicide%20bomber,1.76054624277,positive
ticket-3,keyword,keyword:keyword_suicide%20bomb,1.85033775007,positive
ticket-3,keyword,keyword:keyword_wild%20fires,1.85033775007,positive
ticket-3,keyword,keyword:keyword_bombing,1.87500678455,positive
ticket-3,keyword,keyword:keyword_suicide%20bombing,2.065623645,positive
ticket-3,keyword,keyword:keyword_outbreak,2.14681506276,positive
ticket-3,keyword,keyword:keyword_typhoon,2.1846404072,positive
ticket-3,keyword,keyword:keyword_oil%20spill,2.36542875899,positive
ticket-3,keyword,keyword:keyword_wreckage,2.36542875899,positive
ticket-3,keyword,keyword:keyword_rescuers,2.40287321539,positive
ticket-3,keyword,keyword:keyword_debris,2.47289257302,positive
ticket-3,keyword,keyword:keyword_derailment,2.59691492849,positive
ticket-3,keyword_plus_location,keyword:keyword_aftershock,-1.96658360168,negative
ticket-3,keyword_plus_location,keyword:keyword_body%20bags,-1.96580509815,negative
ticket-3,keyword_plus_location,keyword:keyword_ruin,-1.84999073486,negative
ticket-3,keyword_plus_location,keyword:keyword_bloody,-1.83023987143,negative
ticket-3,keyword_plus_location,keyword:keyword_blazing,-1.82316694999,negative
ticket-3,keyword_plus_location,keyword:keyword_wrecked,-1.7769824056,negative
ticket-3,keyword_plus_location,keyword:keyword_body%20bag,-1.71246195041,negative
ticket-3,keyword_plus_location,keyword:keyword_hellfire,-1.69217266112,negative
ticket-3,keyword_plus_location,keyword:keyword_obliterate,-1.53766970369,negative
ticket-3,keyword_plus_location,keyword:keyword_harm,-1.53367054437,negative
ticket-3,keyword_plus_location,keyword:keyword_explode,-1.52762935979,negative
ticket-3,keyword_plus_location,keyword:keyword_panicking,-1.51741745119,negative
ticket-3,keyword_plus_location,keyword:keyword_electrocute,-1.51141190383,negative
ticket-3,keyword_plus_location,keyword:keyword_blizzard,-1.48716295536,negative
ticket-3,keyword_plus_location,keyword:keyword_blew%20up,-1.48400271026,negative
ticket-3,keyword_plus_location,keyword:keyword_suicide%20bomb,1.62992886404,positive
ticket-3,keyword_plus_location,keyword:keyword_forest%20fires,1.66664921373,positive
ticket-3,keyword_plus_location,keyword:keyword_terrorist,1.66863120397,positive
ticket-3,keyword_plus_location,keyword:keyword_suicide%20bomber,1.74676351471,positive
ticket-3,keyword_plus_location,keyword:keyword_evacuated,1.76573580597,positive
ticket-3,keyword_plus_location,keyword:keyword_bombing,1.82813105835,positive
ticket-3,keyword_plus_location,keyword:keyword_wild%20fires,1.98768753784,positive
ticket-3,keyword_plus_location,keyword:keyword_suicide%20bombing,2.01215650491,positive
ticket-3,keyword_plus_location,keyword:keyword_typhoon,2.16127942695,positive
ticket-3,keyword_plus_location,keyword:keyword_outbreak,2.20457919839,positive
ticket-3,keyword_plus_location,keyword:keyword_wreckage,2.30903541642,positive
ticket-3,keyword_plus_location,keyword:keyword_rescuers,2.37909933095,positive
ticket-3,keyword_plus_location,keyword:keyword_derailment,2.46391696456,positive
ticket-3,keyword_plus_location,keyword:keyword_oil%20spill,2.48568394806,positive
ticket-3,keyword_plus_location,keyword:keyword_debris,2.49192116014,positive
ticket-3,location,location:location_304,-1.31526182898,negative
ticket-3,location,location:location_NYC,-1.21847681285,negative
ticket-3,location,location:location_New York,-1.06621517809,negative
ticket-3,location,location:location_Wisconsin,-0.978543697158,negative
ticket-3,location,"location:location_Brooklyn, NY",-0.978543697158,negative
ticket-3,location,location:location_Indiana,-0.978543697158,negative
ticket-3,location,location:location_Coventry,-0.978543697158,negative
ticket-3,location,"location:location_Boston, MA",-0.978543697158,negative
ticket-3,location,location:location_United Kingdom,-0.970344054772,negative
ticket-3,location,location:location_Kenya,-0.897840870852,negative
ticket-3,location,"location:location_San Diego, CA",-0.864751927288,negative
ticket-3,location,location:location_Florida,-0.828300633144,negative
ticket-3,location,location:location_Barbados,-0.823328802893,negative
ticket-3,location,"location:location_Seattle, Washington",-0.823328802893,negative
ticket-3,location,location:location_Utah,-0.823328802893,negative
ticket-3,location,location:location_Melbourne,0.937437139585,positive
ticket-3,location,"location:location_Oklahoma City, OK",0.937437139585,positive
ticket-3,location,location:location_Calgary,0.937437139585,positive
ticket-3,location,location:location_Nairobi-KENYA,0.937437139585,positive
ticket-3,location,location:location_ARGENTINA,0.937437139585,positive
ticket-3,location,location:location_Africa,0.937437139585,positive
ticket-3,location,location:location_Puerto Rico,0.937437139585,positive
ticket-3,location,location:location_Birmingham,0.937437139585,positive
ticket-3,location,location:location_canada,0.937437139585,positive
ticket-3,location,location:location_Nigeria ,1.10812486329,positive
ticket-3,location,"location:location_Bend, Oregon",1.10812486329,positive
ticket-3,location,location:location_Midwest,1.10812486329,positive
ticket-3,location,location:location_Nigeria,1.14058593635,positive
ticket-3,location,location:location_Mumbai,1.18636120847,positive
ticket-3,location,location:location_India,1.38270823116,positive
ticket-3,numeric,numeric:word_count,-1.10875751526,negative
ticket-3,numeric,numeric:punct_count,-0.533509030091,negative
ticket-3,numeric,numeric:mention_count,-0.166048471534,negative
ticket-3,numeric,numeric:upper_ratio,-0.0681771761607,negative
ticket-3,numeric,numeric:url_count,0.08889139194,positive
ticket-3,numeric,numeric:repeated_punct,0.248199436256,positive
ticket-3,numeric,numeric:digit_count,0.269403027727,positive
ticket-3,numeric,numeric:char_length,1.47280169152,positive
ticket-3,text,text:you,-3.61114985436,negative
ticket-3,text,text:my,-3.03655888326,negative
ticket-3,text,text:new,-1.83608930935,negative
ticket-3,text,text:full,-1.30003013994,negative
ticket-3,text,text:body,-1.29766272126,negative
ticket-3,text,text:me,-1.28014243638,negative
ticket-3,text,text:wrecked,-1.2188387571,negative
ticket-3,text,text:all,-1.17943251984,negative
ticket-3,text,text:he,-1.15600424592,negative
ticket-3,text,text:your,-1.15416622654,negative
ticket-3,text,text:love,-1.14992795459,negative
ticket-3,text,text:bags,-1.05712970746,negative
ticket-3,text,text:can,-1.0542291452,negative
ticket-3,text,text:song,-1.03919300532,negative
ticket-3,text,text:so,-1.03385440257,negative
ticket-3,text,text:storm,1.56620390244,positive
ticket-3,text,text:police,1.5834001818,positive
ticket-3,text,text:over,1.6992915404,positive
ticket-3,text,text:suicide,1.72639409972,positive
ticket-3,text,text:disaster,1.76645303069,positive
ticket-3,text,text:of,1.8519523264,positive
ticket-3,text,text:co,1.87889468376,positive
ticket-3,text,text:train,2.03175642071,positive
ticket-3,text,text:fire,2.09237951023,positive
ticket-3,text,text:fires,2.09591675532,positive
ticket-3,text,text:hiroshima,2.19247223216,positive
ticket-3,text,text:http,2.32226639134,positive
ticket-3,text,text:california,2.3223375209,positive
ticket-3,text,text:http co,2.33308354879,positive
ticket-3,text,text:in,3.91438155392,positive
ticket-3,text_plus_keyword,text:you,-3.13302801386,negative
ticket-3,text_plus_keyword,text:my,-2.22239193259,negative
ticket-3,text_plus_keyword,keyword:keyword_body%20bags,-1.81039320589,negative
ticket-3,text_plus_keyword,keyword:keyword_aftershock,-1.73088747469,negative
ticket-3,text_plus_keyword,text:new,-1.70266244356,negative
ticket-3,text_plus_keyword,keyword:keyword_blazing,-1.60690787885,negative
ticket-3,text_plus_keyword,keyword:keyword_bloody,-1.60082584607,negative
ticket-3,text_plus_keyword,keyword:keyword_body%20bag,-1.54259434453,negative
ticket-3,text_plus_keyword,keyword:keyword_wrecked,-1.53711092894,negative
ticket-3,text_plus_keyword,keyword:keyword_stretcher,-1.43995440396,negative
ticket-3,text_plus_keyword,keyword:keyword_blizzard,-1.312092603,negative
ticket-3,text_plus_keyword,keyword:keyword_ruin,-1.29673369587,negative
ticket-3,text_plus_keyword,keyword:keyword_obliterate,-1.27598910471,negative
ticket-3,text_plus_keyword,keyword:keyword_avalanche,-1.25098543962,negative
ticket-3,text_plus_keyword,keyword:keyword_hellfire,-1.24467292111,negative
ticket-3,text_plus_keyword,text:california,1.62018199632,positive
ticket-3,text_plus_keyword,keyword:keyword_outbreak,1.66129976007,positive
ticket-3,text_plus_keyword,keyword:keyword_typhoon,1.67337237763,positive
ticket-3,text_plus_keyword,keyword:keyword_wreckage,1.67517371609,positive
ticket-3,text_plus_keyword,text:fire,1.67798671549,positive
ticket-3,text_plus_keyword,keyword:keyword_suicide%20bombing,1.6857988126,positive
ticket-3,text_plus_keyword,keyword:keyword_rescuers,1.74962943592,positive
ticket-3,text_plus_keyword,text:co,1.78743356367,positive
ticket-3,text_plus_keyword,keyword:keyword_debris,1.81795155588,positive
ticket-3,text_plus_keyword,keyword:keyword_oil%20spill,1.86308995818,positive
ticket-3,text_plus_keyword,text:hiroshima,1.93352731592,positive
ticket-3,text_plus_keyword,text:http,2.13112266046,positive
ticket-3,text_plus_keyword,text:http co,2.13774992598,positive
ticket-3,text_plus_keyword,keyword:keyword_derailment,2.1679443187,positive
ticket-3,text_plus_keyword,text:in,3.32598789045,positive
ticket-3,text_plus_numeric,text:you,-3.09516308733,negative
ticket-3,text_plus_numeric,text:my,-2.36163526452,negative
ticket-3,text_plus_numeric,text:new,-1.86294466184,negative
ticket-3,text_plus_numeric,text:full,-1.41519071368,negative
ticket-3,text_plus_numeric,text:body,-1.25525600798,negative
ticket-3,text_plus_numeric,text:and,-1.12520808847,negative
ticket-3,text_plus_numeric,text:your,-1.05628992025,negative
ticket-3,text_plus_numeric,text:with,-1.04694849784,negative
ticket-3,text_plus_numeric,text:bags,-1.03938467499,negative
ticket-3,text_plus_numeric,text:all,-1.00510751329,negative
ticket-3,text_plus_numeric,text:wrecked,-0.991505043647,negative
ticket-3,text_plus_numeric,text:love,-0.972384012964,negative
ticket-3,text_plus_numeric,text:his,-0.932348423093,negative
ticket-3,text_plus_numeric,text:he,-0.929344864897,negative
ticket-3,text_plus_numeric,text:https co,-0.915481816293,negative
ticket-3,text_plus_numeric,text:bomb,1.33064820041,positive
ticket-3,text_plus_numeric,text:police,1.34698970982,positive
ticket-3,text_plus_numeric,text:typhoon,1.37965847686,positive
ticket-3,text_plus_numeric,text:of,1.41583738217,positive
ticket-3,text_plus_numeric,text:over,1.46998472375,positive
ticket-3,text_plus_numeric,text:mass,1.50573528568,positive
ticket-3,text_plus_numeric,text:disaster,1.54895183502,positive
ticket-3,text_plus_numeric,text:suicide,1.6412835776,positive
ticket-3,text_plus_numeric,text:storm,1.79347975583,positive
ticket-3,text_plus_numeric,text:train,1.99997579292,positive
ticket-3,text_plus_numeric,text:hiroshima,2.008888467,positive
ticket-3,text_plus_numeric,text:california,2.02091894577,positive
ticket-3,text_plus_numeric,text:fires,2.15088006191,positive
ticket-3,text_plus_numeric,text:fire,2.1688946195,positive
ticket-3,text_plus_numeric,text:in,3.72343269634,positive
